<?xml version="1.0" encoding="UTF-8"?><rss version="2.0"
	xmlns:content="http://purl.org/rss/1.0/modules/content/"
	xmlns:wfw="http://wellformedweb.org/CommentAPI/"
	xmlns:dc="http://purl.org/dc/elements/1.1/"
	xmlns:atom="http://www.w3.org/2005/Atom"
	xmlns:sy="http://purl.org/rss/1.0/modules/syndication/"
	xmlns:slash="http://purl.org/rss/1.0/modules/slash/"
	>

<channel>
	<title>Uncategorized</title>
	<atom:link href="/category/uncategorized/feed/" rel="self" type="application/rss+xml" />
	<link></link>
	<description></description>
	<lastBuildDate>Fri, 19 Jan 2024 15:04:24 +0000</lastBuildDate>
	<language>en-US</language>
	<sy:updatePeriod>
	hourly	</sy:updatePeriod>
	<sy:updateFrequency>
	1	</sy:updateFrequency>
	<generator>https://wordpress.org/?v=6.4.2</generator>
	<item>
		<title>C Programming</title>
		<link>/c-programming/</link>
					<comments>/c-programming/#respond</comments>
		
		<dc:creator><![CDATA[admin]]></dc:creator>
		<pubDate>Fri, 19 Jan 2024 15:02:34 +0000</pubDate>
				<category><![CDATA[Uncategorized]]></category>
		<guid isPermaLink="false">/?p=1440</guid>

					<description><![CDATA[The C programming language is a procedural and general-purpose language that provides low-level access to system memory. A program written in C must be run through a C compiler to convert it into an executable that a computer can run. Many versions of Unix-based operating systems (OSes) are written in C and it has been standardized as part [&#8230;]]]></description>
										<content:encoded><![CDATA[
<p class="has-ast-global-color-3-color has-text-color has-link-color wp-elements-08e07090259d6b62a3493c0ad6667612">The C programming language is a procedural and general-purpose language that provides low-level access to system memory. A program written in C must be run through a C <a href="https://www.techtarget.com/whatis/definition/compiler">compiler</a> to convert it into an executable that a computer can run. Many versions of <a href="https://www.techtarget.com/searchdatacenter/definition/Unix">Unix</a>-based operating systems (OSes) are written in C and it has been standardized as part of the Portable Operating System Interface (<a href="https://www.techtarget.com/whatis/definition/POSIX-Portable-Operating-System-Interface">POSIX</a>).</p>
]]></content:encoded>
					
					<wfw:commentRss>/c-programming/feed/</wfw:commentRss>
			<slash:comments>0</slash:comments>
		
		
			</item>
		<item>
		<title>Hello world!</title>
		<link>/hello-world/</link>
					<comments>/hello-world/#comments</comments>
		
		<dc:creator><![CDATA[admin]]></dc:creator>
		<pubDate>Thu, 18 Jan 2024 15:52:59 +0000</pubDate>
				<category><![CDATA[Uncategorized]]></category>
		<guid isPermaLink="false">/?p=1</guid>

					<description><![CDATA[A &#8220;Hello, World!&#8221; program is generally a simple computer program which outputs (or displays) to the screen (often the console) a message similar to &#8220;Hello, World!&#8221; while ignoring any user input. A small piece of code in most general-purpose programming languages, this program is used to illustrate a language&#8217;s basic syntax. A &#8220;Hello, World!&#8221; program is often the first written by a [&#8230;]]]></description>
										<content:encoded><![CDATA[
<p class="has-ast-global-color-3-color has-text-color has-link-color wp-elements-c66535e20aa7fc11ae4e5067d2b56f0a" style="font-size:16px">A &#8220;Hello, World!&#8221; program is generally a simple <a href="https://en.wikipedia.org/wiki/Computer_program">computer program</a> which outputs (or displays) to the screen (often the <a href="https://en.wikipedia.org/wiki/Console_application">console</a>) a message similar to &#8220;Hello, World!&#8221; while ignoring any user input. A small piece of code in most <a href="https://en.wikipedia.org/wiki/General-purpose_programming_language">general-purpose programming languages</a>, this program is used to illustrate a language&#8217;s basic <a href="https://en.wikipedia.org/wiki/Syntax_(programming_languages)">syntax</a>. A &#8220;Hello, World!&#8221; program is often the first written by a student of a new programming language, but such a program can also be used as a <a href="https://en.wikipedia.org/wiki/Sanity_check">sanity check</a> to ensure that the <a href="https://en.wikipedia.org/wiki/Computer_software">computer software</a> intended to <a href="https://en.wikipedia.org/wiki/Compile_(computing)">compile</a> or run <a href="https://en.wikipedia.org/wiki/Source_code">source code</a> is correctly installed, and that its operator understands how to use it.</p>
]]></content:encoded>
					
					<wfw:commentRss>/hello-world/feed/</wfw:commentRss>
			<slash:comments>1</slash:comments>
		
		
			</item>
	</channel>
</rss>
